failureId,assetId,date,severity,downtimeMinutes,cause
FLR-00001,AST-0001,2026-08-28,5,110,Late Incoming Rake
FLR-00002,AST-0001,2025-11-04,7,70,Track Congestion
FLR-00003,AST-0002,2024-12-23,5,89,Late Incoming Rake
FLR-00004,AST-0002,2023-10-14,5,101,Flooding / Waterlogging
FLR-00005,AST-0003,2024-03-20,4,123,Crew Availability
FLR-00006,AST-0006,2025-11-27,8,117,Loco / Engine Failure
FLR-00007,AST-0006,2023-11-11,6,103,Crew Availability
FLR-00008,AST-0007,2023-10-29,6,130,Flooding / Waterlogging
FLR-00009,AST-0007,2025-03-23,5,145,Track Congestion
FLR-00010,AST-0007,2025-07-24,4,122,Track Congestion
FLR-00011,AST-0007,2024-02-27,9,160,Track Congestion
FLR-00012,AST-0008,2026-06-19,7,146,Station Congestion
FLR-00013,AST-0009,2026-07-26,5,126,Signal Failure
FLR-00014,AST-0011,2024-05-01,2,115,Loco / Engine Failure
FLR-00015,AST-0012,2025-02-27,5,109,Signal Failure
FLR-00016,AST-0012,2024-05-19,8,102,Loco / Engine Failure
FLR-00017,AST-0012,2025-11-01,4,129,Station Congestion
FLR-00018,AST-0012,2025-05-01,3,127,Flooding / Waterlogging
FLR-00019,AST-0013,2024-02-16,6,123,Track Maintenance / PSR
FLR-00020,AST-0013,2025-08-15,7,77,Late Incoming Rake
FLR-00021,AST-0014,2024-07-21,6,105,Track Maintenance / PSR
FLR-00022,AST-0014,2024-06-06,5,136,Flooding / Waterlogging
FLR-00023,AST-0015,2024-12-07,6,161,Flooding / Waterlogging
FLR-00024,AST-0015,2025-02-02,7,161,Passenger Emergency
FLR-00025,AST-0015,2024-01-21,6,157,Flooding / Waterlogging
FLR-00026,AST-0016,2024-01-09,6,139,Flooding / Waterlogging
FLR-00027,AST-0016,2025-03-04,6,147,Late Incoming Rake
FLR-00028,AST-0016,2023-11-30,5,170,Track Congestion
FLR-00029,AST-0016,2025-02-10,9,128,Late Incoming Rake
FLR-00030,AST-0016,2026-04-22,6,147,Freight Priority
FLR-00031,AST-0016,2024-07-26,8,153,Station Congestion
FLR-00032,AST-0016,2025-08-02,6,140,Freight Priority
FLR-00033,AST-0017,2025-10-13,5,116,Freight Priority
FLR-00034,AST-0017,2023-11-30,6,135,Track Congestion
FLR-00035,AST-0017,2023-09-30,6,181,Flooding / Waterlogging
FLR-00036,AST-0017,2026-06-22,5,89,Signal Failure
FLR-00037,AST-0018,2024-05-24,5,122,Track Congestion
FLR-00038,AST-0021,2025-05-29,8,159,Station Congestion
FLR-00039,AST-0021,2026-08-14,8,167,Late Incoming Rake
FLR-00040,AST-0021,2025-09-19,6,92,Freight Priority
FLR-00041,AST-0022,2026-01-23,6,106,Track Congestion
FLR-00042,AST-0022,2025-12-23,5,139,Late Incoming Rake
FLR-00043,AST-0023,2025-06-27,10,115,Passenger Emergency
FLR-00044,AST-0026,2024-04-08,6,103,Flooding / Waterlogging
FLR-00045,AST-0026,2024-03-26,4,146,Late Incoming Rake
FLR-00046,AST-0026,2026-05-02,8,138,Flooding / Waterlogging
FLR-00047,AST-0026,2025-10-14,4,88,Track Maintenance / PSR
FLR-00048,AST-0027,2026-03-12,6,107,Station Congestion
FLR-00049,AST-0027,2024-06-15,10,73,Crew Availability
FLR-00050,AST-0027,2024-04-11,4,149,Track Maintenance / PSR
FLR-00051,AST-0030,2025-06-20,6,111,Station Congestion
FLR-00052,AST-0030,2024-04-16,6,136,Fog / Low Visibility
FLR-00053,AST-0030,2024-06-20,7,199,Track Maintenance / PSR
FLR-00054,AST-0031,2025-09-12,7,90,Track Congestion
FLR-00055,AST-0031,2024-02-17,5,145,Flooding / Waterlogging
FLR-00056,AST-0031,2026-06-20,8,129,Track Maintenance / PSR
FLR-00057,AST-0033,2025-09-09,7,144,Track Maintenance / PSR
FLR-00058,AST-0036,2024-10-05,9,130,Track Maintenance / PSR
FLR-00059,AST-0036,2024-06-23,8,147,Loco / Engine Failure
FLR-00060,AST-0038,2025-11-10,5,135,Late Incoming Rake
FLR-00061,AST-0038,2026-08-05,4,94,Technical Inspection
FLR-00062,AST-0039,2025-04-11,7,118,Track Maintenance / PSR
FLR-00063,AST-0040,2026-04-21,6,118,Level Crossing Delay
FLR-00064,AST-0041,2026-07-08,7,186,Station Congestion
FLR-00065,AST-0042,2024-12-29,6,100,Track Congestion
FLR-00066,AST-0042,2024-07-28,9,111,Freight Priority
FLR-00067,AST-0043,2026-03-28,7,146,Level Crossing Delay
FLR-00068,AST-0044,2024-10-21,6,107,Passenger Emergency
FLR-00069,AST-0045,2024-10-27,7,137,Track Maintenance / PSR
FLR-00070,AST-0045,2025-06-06,3,93,Loco / Engine Failure
FLR-00071,AST-0046,2023-10-08,6,143,Late Incoming Rake
FLR-00072,AST-0047,2024-06-09,4,175,Late Incoming Rake
FLR-00073,AST-0047,2024-08-05,4,140,Flooding / Waterlogging
FLR-00074,AST-0047,2025-01-08,6,140,Track Congestion
FLR-00075,AST-0048,2026-08-14,8,132,Freight Priority
FLR-00076,AST-0050,2025-05-26,7,134,Track Congestion
FLR-00077,AST-0052,2025-02-22,5,144,Flooding / Waterlogging
FLR-00078,AST-0054,2026-01-26,7,167,Track Maintenance / PSR
FLR-00079,AST-0055,2023-12-11,4,134,Freight Priority
FLR-00080,AST-0055,2025-04-26,8,152,Track Congestion
FLR-00081,AST-0056,2025-11-19,4,97,Unscheduled Halt
FLR-00082,AST-0057,2026-08-17,5,118,Track Congestion
FLR-00083,AST-0058,2026-06-16,6,160,Track Maintenance / PSR
FLR-00084,AST-0058,2025-12-02,7,138,Flooding / Waterlogging
FLR-00085,AST-0058,2025-05-26,7,139,Crew Availability
FLR-00086,AST-0058,2024-04-20,9,180,Late Incoming Rake
FLR-00087,AST-0058,2024-04-03,8,140,Flooding / Waterlogging
FLR-00088,AST-0059,2026-07-17,6,128,Late Incoming Rake
FLR-00089,AST-0060,2026-04-05,7,141,Flooding / Waterlogging
FLR-00090,AST-0060,2025-08-11,8,159,Late Incoming Rake
FLR-00091,AST-0060,2024-12-31,8,141,Passenger Emergency
FLR-00092,AST-0060,2026-08-06,3,128,Flooding / Waterlogging
FLR-00093,AST-0060,2025-11-01,8,183,Late Incoming Rake
FLR-00094,AST-0061,2025-08-24,5,136,Late Incoming Rake
FLR-00095,AST-0062,2025-04-18,7,124,Track Congestion
FLR-00096,AST-0063,2024-02-26,6,137,Flooding / Waterlogging
FLR-00097,AST-0063,2025-06-29,6,132,Late Incoming Rake
FLR-00098,AST-0063,2025-12-02,4,146,Station Congestion
FLR-00099,AST-0063,2025-11-05,9,159,Late Incoming Rake
FLR-00100,AST-0063,2025-04-14,6,102,Fog / Low Visibility
FLR-00101,AST-0063,2026-05-18,8,159,Signal Failure
FLR-00102,AST-0064,2024-05-20,4,94,Track Congestion
FLR-00103,AST-0065,2026-08-24,5,145,Track Maintenance / PSR
FLR-00104,AST-0066,2025-08-02,6,160,Freight Priority
FLR-00105,AST-0066,2024-04-11,8,119,Track Congestion
FLR-00106,AST-0066,2023-10-18,6,110,Flooding / Waterlogging
FLR-00107,AST-0067,2024-08-21,6,141,Flooding / Waterlogging
FLR-00108,AST-0068,2025-02-01,4,73,Flooding / Waterlogging
FLR-00109,AST-0068,2025-07-08,5,136,Station Congestion
FLR-00110,AST-0069,2026-05-21,8,107,Station Congestion
FLR-00111,AST-0069,2025-04-24,10,145,Flooding / Waterlogging
FLR-00112,AST-0069,2024-09-07,9,129,Track Maintenance / PSR
FLR-00113,AST-0071,2024-12-04,5,137,Track Maintenance / PSR
FLR-00114,AST-0071,2026-08-10,7,141,Signal Failure
FLR-00115,AST-0072,2024-01-07,4,121,Flooding / Waterlogging
FLR-00116,AST-0072,2024-06-28,6,110,Track Congestion
FLR-00117,AST-0074,2025-03-02,7,124,Track Congestion
FLR-00118,AST-0074,2024-06-19,2,166,Crew Availability
FLR-00119,AST-0074,2026-08-17,1,141,Late Incoming Rake
FLR-00120,AST-0075,2025-11-21,4,130,Track Maintenance / PSR
FLR-00121,AST-0075,2026-07-03,4,93,Station Congestion
FLR-00122,AST-0076,2024-11-13,7,188,Late Incoming Rake
FLR-00123,AST-0076,2026-01-03,4,83,Technical Inspection
FLR-00124,AST-0077,2026-08-06,5,173,Flooding / Waterlogging
FLR-00125,AST-0079,2025-08-30,6,108,Flooding / Waterlogging
FLR-00126,AST-0079,2025-10-27,7,158,Track Congestion
FLR-00127,AST-0080,2025-02-13,7,123,Flooding / Waterlogging
FLR-00128,AST-0080,2023-12-24,9,165,Track Maintenance / PSR
FLR-00129,AST-0080,2025-09-08,7,115,Track Maintenance / PSR
FLR-00130,AST-0081,2024-04-15,8,163,Track Maintenance / PSR
FLR-00131,AST-0081,2024-11-05,4,146,Track Congestion
FLR-00132,AST-0081,2026-05-13,6,165,Level Crossing Delay
FLR-00133,AST-0082,2026-04-20,4,150,Track Maintenance / PSR
FLR-00134,AST-0082,2024-09-23,7,119,Station Congestion
FLR-00135,AST-0083,2024-03-22,7,142,Station Congestion
FLR-00136,AST-0083,2026-05-27,6,126,Track Maintenance / PSR
FLR-00137,AST-0083,2025-10-31,6,124,Late Incoming Rake
FLR-00138,AST-0086,2026-07-11,8,158,Flooding / Waterlogging
FLR-00139,AST-0087,2023-10-01,10,101,Flooding / Waterlogging
FLR-00140,AST-0087,2025-02-24,7,128,Track Maintenance / PSR
FLR-00141,AST-0087,2025-01-10,9,115,Station Congestion
FLR-00142,AST-0087,2024-02-29,9,164,Track Maintenance / PSR
FLR-00143,AST-0087,2024-01-02,5,173,Track Maintenance / PSR
FLR-00144,AST-0088,2026-04-02,4,102,Passenger Emergency
FLR-00145,AST-0089,2025-07-30,4,136,Track Congestion
FLR-00146,AST-0090,2024-01-01,5,162,Flooding / Waterlogging
FLR-00147,AST-0090,2025-08-03,7,151,Track Congestion
FLR-00148,AST-0091,2025-07-05,5,109,Flooding / Waterlogging
FLR-00149,AST-0091,2024-05-16,5,121,Track Congestion
FLR-00150,AST-0091,2023-11-17,4,132,Flooding / Waterlogging
FLR-00151,AST-0091,2026-04-15,9,149,Signal Failure
FLR-00152,AST-0092,2024-06-04,8,119,Unscheduled Halt
FLR-00153,AST-0092,2025-04-23,6,178,Late Incoming Rake
FLR-00154,AST-0092,2024-11-25,6,153,Station Congestion
FLR-00155,AST-0092,2026-08-27,7,151,Flooding / Waterlogging
FLR-00156,AST-0092,2026-07-26,3,165,Fog / Low Visibility
FLR-00157,AST-0092,2025-01-05,10,143,Late Incoming Rake
FLR-00158,AST-0092,2024-09-04,7,93,Passenger Emergency
FLR-00159,AST-0095,2024-11-01,9,136,Track Congestion
FLR-00160,AST-0096,2026-08-13,6,98,Track Congestion
FLR-00161,AST-0097,2026-01-29,6,113,Late Incoming Rake
FLR-00162,AST-0097,2025-09-05,5,136,Flooding / Waterlogging
FLR-00163,AST-0099,2026-01-03,5,129,Track Maintenance / PSR
FLR-00164,AST-0104,2026-08-17,4,137,Track Maintenance / PSR
FLR-00165,AST-0104,2024-07-19,4,86,Signal Failure
FLR-00166,AST-0104,2025-04-25,5,146,Track Congestion
FLR-00167,AST-0105,2023-09-11,5,193,Track Maintenance / PSR
FLR-00168,AST-0105,2026-01-12,6,188,Track Congestion
FLR-00169,AST-0107,2025-11-09,8,108,Late Incoming Rake
FLR-00170,AST-0107,2024-04-28,6,111,Flooding / Waterlogging
FLR-00171,AST-0107,2026-08-22,6,116,Track Congestion
FLR-00172,AST-0108,2025-05-09,8,107,Loco / Engine Failure
FLR-00173,AST-0108,2026-03-25,5,139,Late Incoming Rake
FLR-00174,AST-0111,2025-10-18,8,151,Freight Priority
FLR-00175,AST-0111,2023-10-22,10,182,Flooding / Waterlogging
FLR-00176,AST-0111,2025-05-14,7,143,Late Incoming Rake
FLR-00177,AST-0112,2025-10-04,5,76,Track Maintenance / PSR
FLR-00178,AST-0113,2024-11-12,6,170,Station Congestion
FLR-00179,AST-0114,2025-05-28,6,171,Track Maintenance / PSR
FLR-00180,AST-0114,2026-08-02,7,184,Track Maintenance / PSR
FLR-00181,AST-0114,2023-09-04,9,103,Crew Availability
FLR-00182,AST-0114,2026-04-19,5,145,Track Maintenance / PSR
FLR-00183,AST-0115,2026-03-05,5,142,Station Congestion
FLR-00184,AST-0115,2025-04-13,6,171,Late Incoming Rake
FLR-00185,AST-0116,2026-08-10,4,112,Track Congestion
FLR-00186,AST-0116,2024-11-29,5,153,Flooding / Waterlogging
FLR-00187,AST-0119,2025-09-12,5,125,Flooding / Waterlogging
FLR-00188,AST-0121,2026-06-22,5,124,Signal Failure
FLR-00189,AST-0122,2025-03-12,6,173,Flooding / Waterlogging
FLR-00190,AST-0122,2024-01-18,6,148,Flooding / Waterlogging
FLR-00191,AST-0122,2024-11-07,8,136,Track Congestion
FLR-00192,AST-0123,2023-12-10,7,163,Station Congestion
FLR-00193,AST-0123,2024-08-07,10,124,Track Congestion
FLR-00194,AST-0123,2024-04-17,8,142,Track Maintenance / PSR
FLR-00195,AST-0123,2026-04-07,8,180,Flooding / Waterlogging
FLR-00196,AST-0124,2024-05-14,10,121,Flooding / Waterlogging
FLR-00197,AST-0125,2026-01-30,4,159,Late Incoming Rake
FLR-00198,AST-0127,2024-07-27,6,122,Freight Priority
FLR-00199,AST-0127,2023-09-18,5,136,Track Maintenance / PSR
FLR-00200,AST-0128,2024-08-31,4,143,Track Congestion
FLR-00201,AST-0129,2025-01-22,7,139,Freight Priority
FLR-00202,AST-0131,2023-10-07,4,93,Track Maintenance / PSR
FLR-00203,AST-0132,2025-09-17,3,134,Flooding / Waterlogging
FLR-00204,AST-0132,2026-06-05,7,102,Track Maintenance / PSR
FLR-00205,AST-0133,2025-06-30,5,145,Track Congestion
FLR-00206,AST-0134,2025-09-06,7,139,Track Congestion
FLR-00207,AST-0134,2024-12-13,5,124,Unscheduled Halt
FLR-00208,AST-0135,2024-10-25,3,144,Track Maintenance / PSR
FLR-00209,AST-0135,2023-12-13,6,107,Freight Priority
FLR-00210,AST-0136,2024-03-28,6,130,Track Congestion
FLR-00211,AST-0138,2024-04-24,10,145,Track Congestion
FLR-00212,AST-0138,2026-08-08,5,158,Flooding / Waterlogging
FLR-00213,AST-0139,2025-04-18,7,107,Loco / Engine Failure
FLR-00214,AST-0139,2024-10-08,7,180,Track Congestion
FLR-00215,AST-0139,2025-05-24,7,141,Track Maintenance / PSR
FLR-00216,AST-0140,2024-09-01,6,144,Late Incoming Rake
FLR-00217,AST-0140,2023-12-20,7,139,Track Congestion
FLR-00218,AST-0141,2024-12-25,5,122,Track Congestion
FLR-00219,AST-0142,2025-11-17,6,137,Flooding / Waterlogging
FLR-00220,AST-0142,2026-08-15,4,141,Track Maintenance / PSR
FLR-00221,AST-0143,2025-11-04,4,120,Track Congestion
FLR-00222,AST-0143,2025-05-10,7,95,Level Crossing Delay
FLR-00223,AST-0146,2023-12-07,7,156,Track Congestion
FLR-00224,AST-0147,2024-10-28,5,151,Level Crossing Delay
FLR-00225,AST-0148,2025-07-15,4,106,Track Congestion
FLR-00226,AST-0152,2024-11-10,8,120,Signal Failure
FLR-00227,AST-0152,2023-09-04,7,116,Flooding / Waterlogging
FLR-00228,AST-0152,2024-03-31,8,95,Loco / Engine Failure
FLR-00229,AST-0152,2026-08-19,6,161,Track Congestion
FLR-00230,AST-0155,2026-04-29,6,171,Late Incoming Rake
FLR-00231,AST-0155,2024-01-15,7,76,Track Congestion
FLR-00232,AST-0156,2024-08-07,7,122,Track Congestion
FLR-00233,AST-0157,2023-09-12,5,176,Track Congestion
FLR-00234,AST-0157,2025-03-31,4,137,Flooding / Waterlogging
FLR-00235,AST-0157,2025-08-07,7,108,Unscheduled Halt
FLR-00236,AST-0159,2024-11-19,9,156,Late Incoming Rake
FLR-00237,AST-0159,2025-04-03,7,107,Late Incoming Rake
FLR-00238,AST-0160,2025-08-10,8,120,Late Incoming Rake
FLR-00239,AST-0160,2024-09-17,8,119,Passenger Emergency
FLR-00240,AST-0160,2024-08-17,6,173,Track Congestion
FLR-00241,AST-0162,2026-01-12,5,154,Late Incoming Rake
FLR-00242,AST-0163,2025-08-09,6,120,Passenger Emergency
FLR-00243,AST-0164,2025-05-26,6,143,Track Congestion
FLR-00244,AST-0164,2026-02-10,7,99,Technical Inspection
FLR-00245,AST-0164,2023-10-31,6,159,Passenger Emergency
FLR-00246,AST-0165,2026-06-12,6,111,Station Congestion
FLR-00247,AST-0165,2025-03-02,2,116,Late Incoming Rake
FLR-00248,AST-0166,2024-08-29,7,196,Station Congestion
FLR-00249,AST-0166,2024-07-30,10,131,Track Maintenance / PSR
FLR-00250,AST-0166,2024-01-07,6,123,Flooding / Waterlogging
FLR-00251,AST-0166,2026-06-30,5,151,Track Congestion
FLR-00252,AST-0166,2024-08-08,8,89,Flooding / Waterlogging
FLR-00253,AST-0170,2024-05-11,6,124,Unscheduled Halt
FLR-00254,AST-0170,2025-04-15,5,102,Flooding / Waterlogging
FLR-00255,AST-0171,2023-11-01,5,175,Late Incoming Rake
FLR-00256,AST-0173,2024-10-10,7,150,Track Maintenance / PSR
FLR-00257,AST-0173,2026-01-03,5,130,Flooding / Waterlogging
FLR-00258,AST-0174,2026-04-20,5,142,Late Incoming Rake
FLR-00259,AST-0176,2026-04-24,5,83,Loco / Engine Failure
FLR-00260,AST-0176,2026-08-19,5,115,Fog / Low Visibility
FLR-00261,AST-0176,2026-08-24,3,135,Track Congestion
FLR-00262,AST-0178,2026-08-05,3,95,Technical Inspection
FLR-00263,AST-0178,2026-03-27,5,88,Flooding / Waterlogging
FLR-00264,AST-0179,2025-06-18,5,112,Technical Inspection
FLR-00265,AST-0179,2024-11-15,6,103,Track Maintenance / PSR
FLR-00266,AST-0179,2024-08-09,7,140,Track Congestion
FLR-00267,AST-0179,2024-05-03,4,134,Signal Failure
FLR-00268,AST-0179,2025-07-11,8,118,Flooding / Waterlogging
FLR-00269,AST-0180,2025-06-05,8,137,Station Congestion
FLR-00270,AST-0180,2023-09-18,5,124,Track Congestion
FLR-00271,AST-0180,2025-06-03,4,132,Track Congestion
FLR-00272,AST-0181,2024-07-18,4,163,Late Incoming Rake
FLR-00273,AST-0181,2026-08-31,6,144,Flooding / Waterlogging
FLR-00274,AST-0181,2026-07-06,5,133,Station Congestion
FLR-00275,AST-0183,2025-09-09,4,130,Unscheduled Halt
FLR-00276,AST-0183,2023-09-29,7,154,Track Congestion
FLR-00277,AST-0184,2026-07-20,9,160,Late Incoming Rake
FLR-00278,AST-0184,2024-08-02,3,120,Track Congestion
FLR-00279,AST-0185,2023-11-13,1,134,Late Incoming Rake
FLR-00280,AST-0186,2024-12-28,5,72,Passenger Emergency
FLR-00281,AST-0186,2023-10-13,9,128,Track Maintenance / PSR
FLR-00282,AST-0186,2024-04-18,4,141,Crew Availability
FLR-00283,AST-0186,2026-08-07,6,134,Flooding / Waterlogging
FLR-00284,AST-0188,2025-10-09,5,160,Flooding / Waterlogging
FLR-00285,AST-0189,2024-12-02,7,140,Late Incoming Rake
FLR-00286,AST-0191,2024-09-06,6,146,Flooding / Waterlogging
FLR-00287,AST-0192,2025-04-13,7,150,Flooding / Waterlogging
FLR-00288,AST-0192,2026-01-01,5,85,Signal Failure
FLR-00289,AST-0193,2024-03-07,10,144,Flooding / Waterlogging
FLR-00290,AST-0195,2025-07-29,5,100,Track Maintenance / PSR
FLR-00291,AST-0197,2026-03-20,6,141,Station Congestion
FLR-00292,AST-0199,2024-11-26,5,156,Passenger Emergency
FLR-00293,AST-0200,2024-03-23,4,115,Flooding / Waterlogging
FLR-00294,AST-0201,2026-07-14,7,70,Track Congestion
FLR-00295,AST-0201,2023-12-12,5,155,Late Incoming Rake
FLR-00296,AST-0201,2024-06-05,6,135,Flooding / Waterlogging
FLR-00297,AST-0202,2025-11-28,10,123,Track Congestion
FLR-00298,AST-0202,2025-09-30,7,193,Late Incoming Rake
FLR-00299,AST-0202,2024-08-14,10,137,Track Congestion
FLR-00300,AST-0202,2026-01-25,7,143,Late Incoming Rake
FLR-00301,AST-0203,2025-10-15,6,120,Station Congestion
FLR-00302,AST-0203,2024-04-06,5,181,Track Maintenance / PSR
FLR-00303,AST-0203,2025-06-08,6,107,Freight Priority
FLR-00304,AST-0203,2023-10-09,4,102,Unscheduled Halt
FLR-00305,AST-0204,2026-02-01,8,141,Signal Failure
FLR-00306,AST-0207,2024-04-02,5,128,Flooding / Waterlogging
FLR-00307,AST-0207,2025-01-04,3,124,Fog / Low Visibility
FLR-00308,AST-0208,2025-05-17,6,123,Fog / Low Visibility
FLR-00309,AST-0210,2025-11-29,5,130,Loco / Engine Failure
FLR-00310,AST-0211,2025-11-27,1,96,Station Congestion
FLR-00311,AST-0211,2025-11-21,6,133,Freight Priority
FLR-00312,AST-0212,2026-08-30,6,124,Late Incoming Rake
FLR-00313,AST-0213,2025-11-04,6,126,Late Incoming Rake
FLR-00314,AST-0213,2025-09-23,6,166,Flooding / Waterlogging
FLR-00315,AST-0213,2026-01-30,5,135,Track Maintenance / PSR
FLR-00316,AST-0214,2024-06-04,4,124,Track Congestion
FLR-00317,AST-0215,2025-04-12,8,88,Track Congestion
FLR-00318,AST-0216,2026-07-25,6,102,Signal Failure
FLR-00319,AST-0217,2024-09-23,7,156,Flooding / Waterlogging
FLR-00320,AST-0219,2025-11-15,5,129,Track Maintenance / PSR
FLR-00321,AST-0222,2024-07-21,5,112,Track Congestion
FLR-00322,AST-0222,2025-08-06,8,117,Track Maintenance / PSR
FLR-00323,AST-0223,2025-08-05,7,132,Track Maintenance / PSR
FLR-00324,AST-0224,2024-08-01,6,157,Freight Priority
FLR-00325,AST-0224,2025-06-10,8,133,Freight Priority
FLR-00326,AST-0225,2024-08-25,4,156,Unscheduled Halt
FLR-00327,AST-0227,2025-06-28,7,120,Track Congestion
FLR-00328,AST-0228,2024-04-14,7,156,Track Maintenance / PSR
FLR-00329,AST-0229,2026-02-28,5,139,Track Maintenance / PSR
FLR-00330,AST-0230,2024-06-17,6,141,Flooding / Waterlogging
FLR-00331,AST-0231,2023-11-16,10,134,Track Maintenance / PSR
FLR-00332,AST-0231,2025-06-01,8,118,Level Crossing Delay
FLR-00333,AST-0231,2026-05-11,7,129,Track Maintenance / PSR
FLR-00334,AST-0231,2026-03-30,6,208,Late Incoming Rake
FLR-00335,AST-0232,2024-03-25,7,139,Late Incoming Rake
FLR-00336,AST-0232,2024-08-17,10,112,Crew Availability
FLR-00337,AST-0233,2023-12-23,8,105,Track Congestion
FLR-00338,AST-0233,2024-02-19,7,95,Crew Availability
FLR-00339,AST-0233,2024-09-03,5,149,Track Congestion
FLR-00340,AST-0233,2026-04-25,4,100,Track Congestion
FLR-00341,AST-0233,2025-08-27,5,128,Loco / Engine Failure
FLR-00342,AST-0236,2025-06-17,7,109,Track Maintenance / PSR
FLR-00343,AST-0236,2024-02-26,8,135,Track Maintenance / PSR
FLR-00344,AST-0236,2024-11-30,8,107,Station Congestion
FLR-00345,AST-0237,2025-12-13,8,125,Flooding / Waterlogging
FLR-00346,AST-0238,2024-08-07,8,144,Late Incoming Rake
FLR-00347,AST-0238,2025-07-30,8,98,Freight Priority
FLR-00348,AST-0238,2023-11-08,9,127,Crew Availability
FLR-00349,AST-0238,2026-06-03,9,133,Crew Availability
FLR-00350,AST-0238,2024-05-05,6,124,Station Congestion
FLR-00351,AST-0238,2026-01-16,8,135,Track Maintenance / PSR
FLR-00352,AST-0239,2025-06-27,6,130,Station Congestion
FLR-00353,AST-0239,2025-10-04,7,134,Flooding / Waterlogging
FLR-00354,AST-0239,2025-05-08,6,120,Track Congestion
FLR-00355,AST-0239,2023-11-09,7,124,Track Congestion
FLR-00356,AST-0240,2025-07-24,7,135,Fog / Low Visibility
FLR-00357,AST-0241,2025-04-29,4,150,Track Maintenance / PSR
FLR-00358,AST-0241,2024-05-08,6,104,Unscheduled Halt
FLR-00359,AST-0241,2026-04-18,5,111,Late Incoming Rake
FLR-00360,AST-0244,2026-08-20,5,116,Track Congestion
FLR-00361,AST-0245,2024-02-05,4,71,Track Congestion
FLR-00362,AST-0246,2024-05-21,5,105,Crew Availability
FLR-00363,AST-0247,2025-11-22,10,118,Loco / Engine Failure
FLR-00364,AST-0249,2025-12-16,6,114,Station Congestion
FLR-00365,AST-0250,2025-06-25,3,142,Level Crossing Delay
FLR-00366,AST-0251,2023-11-25,7,120,Signal Failure
FLR-00367,AST-0251,2023-12-19,7,149,Late Incoming Rake
FLR-00368,AST-0251,2025-05-12,7,137,Flooding / Waterlogging
FLR-00369,AST-0253,2024-05-13,6,143,Track Maintenance / PSR
FLR-00370,AST-0254,2024-11-15,6,139,Late Incoming Rake
FLR-00371,AST-0255,2025-02-18,4,131,Flooding / Waterlogging
FLR-00372,AST-0255,2024-12-18,8,137,Flooding / Waterlogging
FLR-00373,AST-0255,2025-01-05,5,151,Track Maintenance / PSR
FLR-00374,AST-0258,2025-12-21,3,149,Late Incoming Rake
FLR-00375,AST-0260,2024-11-23,6,133,Flooding / Waterlogging
FLR-00376,AST-0260,2026-01-01,5,202,Flooding / Waterlogging
FLR-00377,AST-0261,2026-07-27,7,128,Level Crossing Delay
FLR-00378,AST-0261,2024-06-30,8,123,Track Congestion
FLR-00379,AST-0261,2024-10-18,3,137,Track Congestion
FLR-00380,AST-0261,2024-07-26,4,146,Flooding / Waterlogging
FLR-00381,AST-0262,2024-11-22,7,162,Fog / Low Visibility
FLR-00382,AST-0262,2025-12-22,9,98,Track Congestion
FLR-00383,AST-0262,2025-12-17,6,112,Flooding / Waterlogging
FLR-00384,AST-0263,2026-01-23,7,142,Track Congestion
FLR-00385,AST-0263,2025-11-13,6,139,Loco / Engine Failure
FLR-00386,AST-0264,2023-12-05,5,138,Track Congestion
FLR-00387,AST-0264,2023-12-29,3,122,Track Maintenance / PSR
FLR-00388,AST-0265,2026-08-03,5,157,Track Congestion
FLR-00389,AST-0265,2023-11-04,6,128,Flooding / Waterlogging
FLR-00390,AST-0267,2025-01-23,6,112,Flooding / Waterlogging
FLR-00391,AST-0267,2024-05-16,7,144,Flooding / Waterlogging
FLR-00392,AST-0267,2025-05-31,4,151,Track Maintenance / PSR
FLR-00393,AST-0269,2023-11-09,6,197,Late Incoming Rake
FLR-00394,AST-0270,2024-09-08,9,125,Late Incoming Rake
FLR-00395,AST-0273,2025-07-23,7,159,Late Incoming Rake
FLR-00396,AST-0274,2024-06-20,7,151,Station Congestion
FLR-00397,AST-0274,2025-12-03,4,119,Track Congestion
FLR-00398,AST-0275,2023-11-10,7,132,Flooding / Waterlogging
FLR-00399,AST-0278,2026-08-31,8,74,Track Maintenance / PSR
FLR-00400,AST-0279,2025-09-13,6,124,Flooding / Waterlogging
FLR-00401,AST-0279,2026-07-30,3,85,Level Crossing Delay
FLR-00402,AST-0280,2026-08-01,5,169,Track Congestion
FLR-00403,AST-0282,2025-01-15,4,139,Late Incoming Rake
FLR-00404,AST-0282,2023-10-18,6,151,Track Maintenance / PSR
FLR-00405,AST-0283,2026-06-07,8,150,Flooding / Waterlogging
FLR-00406,AST-0284,2025-01-06,6,138,Late Incoming Rake
FLR-00407,AST-0284,2024-03-05,7,144,Track Congestion
FLR-00408,AST-0285,2024-09-30,4,136,Track Maintenance / PSR
FLR-00409,AST-0285,2024-04-14,6,174,Track Congestion
FLR-00410,AST-0285,2025-05-21,10,171,Late Incoming Rake
FLR-00411,AST-0286,2025-07-21,5,117,Track Congestion
FLR-00412,AST-0288,2026-01-03,6,112,Crew Availability
FLR-00413,AST-0288,2024-07-03,6,103,Late Incoming Rake
FLR-00414,AST-0290,2024-12-22,7,159,Late Incoming Rake
FLR-00415,AST-0290,2025-05-20,8,130,Late Incoming Rake
FLR-00416,AST-0290,2026-08-30,7,111,Late Incoming Rake
FLR-00417,AST-0291,2025-01-19,6,114,Track Maintenance / PSR
FLR-00418,AST-0291,2023-09-29,4,136,Track Congestion
FLR-00419,AST-0292,2024-03-13,5,145,Track Congestion
FLR-00420,AST-0292,2023-11-23,8,149,Flooding / Waterlogging
FLR-00421,AST-0292,2024-02-07,6,95,Crew Availability
FLR-00422,AST-0292,2026-03-25,6,158,Late Incoming Rake
FLR-00423,AST-0293,2025-08-23,6,141,Track Congestion
FLR-00424,AST-0293,2024-02-09,6,111,Signal Failure
FLR-00425,AST-0294,2024-05-20,5,145,Flooding / Waterlogging
FLR-00426,AST-0294,2023-11-28,6,140,Track Congestion
FLR-00427,AST-0296,2024-01-31,5,130,Track Congestion
FLR-00428,AST-0296,2025-03-02,6,122,Loco / Engine Failure
FLR-00429,AST-0297,2026-06-08,3,141,Track Maintenance / PSR
FLR-00430,AST-0297,2024-12-09,5,142,Flooding / Waterlogging
FLR-00431,AST-0300,2025-02-28,10,151,Flooding / Waterlogging
FLR-00432,AST-0300,2025-04-21,4,128,Flooding / Waterlogging
FLR-00433,AST-0302,2025-04-29,5,141,Signal Failure
FLR-00434,AST-0302,2025-01-19,6,175,Flooding / Waterlogging
FLR-00435,AST-0302,2023-11-17,7,159,Late Incoming Rake
FLR-00436,AST-0302,2026-07-10,6,122,Track Congestion
FLR-00437,AST-0302,2025-01-01,8,120,Track Congestion
FLR-00438,AST-0304,2025-12-08,6,104,Crew Availability
FLR-00439,AST-0305,2023-11-01,4,129,Late Incoming Rake
FLR-00440,AST-0305,2023-09-04,2,185,Track Congestion
FLR-00441,AST-0306,2025-01-08,2,151,Track Congestion
FLR-00442,AST-0307,2025-05-25,8,105,Track Congestion
FLR-00443,AST-0307,2026-07-23,10,176,Flooding / Waterlogging
FLR-00444,AST-0307,2024-06-11,8,133,Flooding / Waterlogging
FLR-00445,AST-0308,2026-05-03,6,88,Station Congestion
FLR-00446,AST-0308,2024-06-15,7,114,Track Maintenance / PSR
FLR-00447,AST-0308,2024-09-08,7,126,Station Congestion
FLR-00448,AST-0309,2023-12-11,3,180,Flooding / Waterlogging
FLR-00449,AST-0309,2024-01-19,6,115,Flooding / Waterlogging
FLR-00450,AST-0310,2025-05-07,6,147,Late Incoming Rake
FLR-00451,AST-0310,2023-10-27,7,158,Track Maintenance / PSR
FLR-00452,AST-0310,2026-05-06,7,192,Late Incoming Rake
FLR-00453,AST-0310,2025-08-03,7,172,Flooding / Waterlogging
FLR-00454,AST-0310,2024-11-23,8,139,Track Maintenance / PSR
FLR-00455,AST-0310,2025-03-19,8,150,Freight Priority
FLR-00456,AST-0310,2025-09-19,7,106,Track Maintenance / PSR
FLR-00457,AST-0311,2024-05-09,5,155,Flooding / Waterlogging
FLR-00458,AST-0311,2024-09-27,6,150,Track Congestion
FLR-00459,AST-0314,2025-06-01,6,154,Track Congestion
FLR-00460,AST-0315,2024-01-22,5,143,Level Crossing Delay
FLR-00461,AST-0316,2024-06-29,6,125,Track Congestion
FLR-00462,AST-0317,2025-07-14,9,165,Track Maintenance / PSR
FLR-00463,AST-0317,2026-08-28,7,118,Flooding / Waterlogging
FLR-00464,AST-0317,2026-02-16,8,154,Flooding / Waterlogging
FLR-00465,AST-0318,2026-08-18,5,169,Flooding / Waterlogging
FLR-00466,AST-0320,2024-11-11,6,100,Fog / Low Visibility
FLR-00467,AST-0323,2023-10-30,5,152,Late Incoming Rake
FLR-00468,AST-0324,2025-03-14,7,110,Late Incoming Rake
FLR-00469,AST-0324,2024-09-14,7,132,Freight Priority
FLR-00470,AST-0325,2025-07-26,6,121,Station Congestion
FLR-00471,AST-0326,2026-04-16,6,186,Track Maintenance / PSR
FLR-00472,AST-0326,2025-04-29,6,137,Track Congestion
FLR-00473,AST-0328,2025-12-07,5,118,Track Congestion
FLR-00474,AST-0328,2024-12-03,8,146,Track Congestion
FLR-00475,AST-0330,2025-03-15,9,172,Track Congestion
FLR-00476,AST-0331,2024-12-23,3,106,Track Congestion
FLR-00477,AST-0333,2026-07-22,5,125,Track Congestion
FLR-00478,AST-0333,2026-05-26,8,87,Track Congestion
FLR-00479,AST-0334,2025-01-29,6,173,Track Congestion
FLR-00480,AST-0334,2026-08-11,10,131,Flooding / Waterlogging
FLR-00481,AST-0334,2025-01-29,7,154,Flooding / Waterlogging
FLR-00482,AST-0334,2026-07-23,6,120,Track Maintenance / PSR
FLR-00483,AST-0334,2024-04-26,9,165,Track Congestion
FLR-00484,AST-0335,2025-02-11,6,190,Flooding / Waterlogging
FLR-00485,AST-0335,2024-07-03,9,140,Track Congestion
FLR-00486,AST-0335,2025-03-13,8,169,Flooding / Waterlogging
FLR-00487,AST-0335,2026-03-05,6,157,Track Congestion
FLR-00488,AST-0336,2023-12-01,7,114,Late Incoming Rake
FLR-00489,AST-0336,2023-09-20,6,119,Loco / Engine Failure
FLR-00490,AST-0337,2025-02-25,2,97,Signal Failure
FLR-00491,AST-0338,2025-04-30,6,159,Loco / Engine Failure
FLR-00492,AST-0339,2026-06-04,4,133,Flooding / Waterlogging
FLR-00493,AST-0340,2024-09-11,5,114,Track Maintenance / PSR
FLR-00494,AST-0340,2025-09-06,6,131,Flooding / Waterlogging
FLR-00495,AST-0340,2026-04-07,7,138,Track Congestion
FLR-00496,AST-0341,2026-08-06,5,147,Passenger Emergency
FLR-00497,AST-0342,2024-04-22,4,95,Loco / Engine Failure
FLR-00498,AST-0343,2026-05-28,1,136,Track Maintenance / PSR
FLR-00499,AST-0343,2025-06-21,7,150,Freight Priority
FLR-00500,AST-0343,2025-02-28,4,137,Loco / Engine Failure
FLR-00501,AST-0343,2026-02-19,4,130,Track Congestion
FLR-00502,AST-0345,2024-12-14,7,140,Track Congestion
FLR-00503,AST-0345,2024-08-03,7,116,Track Maintenance / PSR
FLR-00504,AST-0346,2026-02-04,7,123,Track Congestion
FLR-00505,AST-0346,2026-03-22,6,171,Track Congestion
FLR-00506,AST-0346,2023-10-13,4,138,Track Congestion
FLR-00507,AST-0346,2025-11-29,3,133,Crew Availability
FLR-00508,AST-0347,2024-02-26,8,151,Flooding / Waterlogging
FLR-00509,AST-0348,2025-06-15,6,112,Signal Failure
FLR-00510,AST-0349,2026-03-27,7,114,Level Crossing Delay
FLR-00511,AST-0349,2024-07-04,8,136,Late Incoming Rake
FLR-00512,AST-0349,2025-11-16,7,139,Signal Failure
FLR-00513,AST-0350,2024-11-16,3,121,Flooding / Waterlogging
FLR-00514,AST-0350,2024-12-26,4,128,Flooding / Waterlogging
FLR-00515,AST-0351,2025-10-06,7,110,Loco / Engine Failure
FLR-00516,AST-0351,2026-06-07,3,113,Late Incoming Rake
FLR-00517,AST-0352,2024-03-26,6,158,Late Incoming Rake
FLR-00518,AST-0352,2023-11-04,4,103,Freight Priority
FLR-00519,AST-0353,2026-01-05,8,121,Flooding / Waterlogging
FLR-00520,AST-0354,2024-01-21,6,159,Flooding / Waterlogging
FLR-00521,AST-0354,2024-11-03,8,102,Unscheduled Halt
FLR-00522,AST-0354,2024-02-01,7,143,Late Incoming Rake
FLR-00523,AST-0357,2026-08-14,5,148,Station Congestion
FLR-00524,AST-0357,2025-12-24,3,111,Late Incoming Rake
FLR-00525,AST-0358,2025-10-14,6,134,Track Maintenance / PSR
FLR-00526,AST-0359,2023-09-26,4,156,Station Congestion
FLR-00527,AST-0360,2025-07-19,6,118,Flooding / Waterlogging
FLR-00528,AST-0361,2026-04-13,6,138,Track Congestion
FLR-00529,AST-0361,2025-10-11,6,123,Station Congestion
FLR-00530,AST-0361,2024-02-08,3,93,Track Maintenance / PSR
FLR-00531,AST-0362,2024-12-18,5,137,Fog / Low Visibility
FLR-00532,AST-0363,2024-03-09,4,146,Flooding / Waterlogging
FLR-00533,AST-0366,2026-04-01,6,148,Late Incoming Rake
FLR-00534,AST-0366,2024-04-17,8,146,Track Congestion
FLR-00535,AST-0366,2024-07-22,7,155,Track Congestion
FLR-00536,AST-0367,2026-01-08,4,111,Crew Availability
FLR-00537,AST-0368,2023-10-02,6,131,Technical Inspection
FLR-00538,AST-0368,2024-03-12,6,112,Late Incoming Rake
FLR-00539,AST-0371,2024-07-03,7,89,Freight Priority
FLR-00540,AST-0371,2025-01-05,3,161,Late Incoming Rake
FLR-00541,AST-0375,2023-12-21,6,124,Track Congestion
FLR-00542,AST-0376,2025-07-06,7,152,Level Crossing Delay
FLR-00543,AST-0376,2024-12-05,6,59,Level Crossing Delay
FLR-00544,AST-0378,2026-02-17,3,106,Track Congestion
FLR-00545,AST-0378,2024-04-23,5,105,Track Maintenance / PSR
FLR-00546,AST-0378,2024-09-22,5,107,Flooding / Waterlogging
FLR-00547,AST-0379,2026-01-09,7,106,Unscheduled Halt
FLR-00548,AST-0380,2024-12-10,7,131,Track Congestion
FLR-00549,AST-0383,2025-08-04,6,118,Late Incoming Rake
FLR-00550,AST-0383,2026-06-03,9,131,Track Maintenance / PSR
FLR-00551,AST-0383,2026-01-02,9,129,Late Incoming Rake
FLR-00552,AST-0384,2025-11-28,6,166,Station Congestion
FLR-00553,AST-0385,2024-07-10,9,95,Fog / Low Visibility
FLR-00554,AST-0385,2024-04-18,8,149,Late Incoming Rake
FLR-00555,AST-0386,2025-04-01,3,137,Crew Availability
FLR-00556,AST-0387,2025-04-03,6,149,Flooding / Waterlogging
FLR-00557,AST-0387,2023-10-19,4,149,Track Maintenance / PSR
FLR-00558,AST-0391,2023-11-06,8,108,Late Incoming Rake
FLR-00559,AST-0391,2026-03-27,6,175,Track Maintenance / PSR
FLR-00560,AST-0391,2025-04-14,9,178,Late Incoming Rake
FLR-00561,AST-0392,2025-12-15,9,112,Fog / Low Visibility
FLR-00562,AST-0392,2024-06-09,6,124,Track Congestion
FLR-00563,AST-0393,2025-04-15,7,148,Track Maintenance / PSR
FLR-00564,AST-0393,2023-11-12,5,160,Track Congestion
FLR-00565,AST-0394,2024-11-01,7,96,Track Congestion
FLR-00566,AST-0394,2026-05-02,7,136,Late Incoming Rake
FLR-00567,AST-0395,2025-03-18,4,134,Flooding / Waterlogging
FLR-00568,AST-0396,2024-10-31,6,140,Flooding / Waterlogging
FLR-00569,AST-0396,2025-04-12,6,153,Late Incoming Rake
FLR-00570,AST-0396,2025-10-31,2,111,Flooding / Waterlogging
FLR-00571,AST-0396,2025-12-08,7,50,Loco / Engine Failure
FLR-00572,AST-0398,2025-12-17,6,122,Level Crossing Delay
FLR-00573,AST-0398,2024-06-09,6,106,Track Congestion
FLR-00574,AST-0398,2023-12-30,7,102,Technical Inspection
FLR-00575,AST-0399,2023-09-24,4,126,Flooding / Waterlogging
FLR-00576,AST-0400,2023-11-20,6,127,Signal Failure
FLR-00577,AST-0400,2026-06-22,6,163,Track Congestion
FLR-00578,AST-0400,2026-01-05,4,132,Signal Failure
FLR-00579,AST-0400,2024-08-15,5,204,Late Incoming Rake
FLR-00580,AST-0401,2023-10-28,3,169,Track Maintenance / PSR
FLR-00581,AST-0402,2025-07-30,7,139,Late Incoming Rake
FLR-00582,AST-0402,2024-11-09,7,115,Fog / Low Visibility
FLR-00583,AST-0402,2025-05-20,6,94,Crew Availability
FLR-00584,AST-0402,2026-01-09,6,167,Crew Availability
FLR-00585,AST-0404,2025-04-06,5,140,Crew Availability
FLR-00586,AST-0404,2023-09-22,4,96,Loco / Engine Failure
FLR-00587,AST-0404,2023-11-24,2,147,Track Congestion
FLR-00588,AST-0404,2024-11-09,5,117,Late Incoming Rake
FLR-00589,AST-0405,2024-01-21,7,181,Track Congestion
FLR-00590,AST-0405,2024-06-27,6,120,Track Maintenance / PSR
FLR-00591,AST-0405,2023-11-15,5,105,Flooding / Waterlogging
FLR-00592,AST-0407,2023-11-27,5,134,Flooding / Waterlogging
FLR-00593,AST-0407,2024-09-29,6,116,Track Maintenance / PSR
FLR-00594,AST-0407,2025-05-30,6,148,Flooding / Waterlogging
FLR-00595,AST-0408,2024-01-05,7,147,Track Maintenance / PSR
FLR-00596,AST-0408,2025-04-10,5,101,Track Congestion
FLR-00597,AST-0409,2025-02-10,5,145,Flooding / Waterlogging
FLR-00598,AST-0411,2026-09-01,5,135,Flooding / Waterlogging
FLR-00599,AST-0412,2024-12-08,6,113,Crew Availability
FLR-00600,AST-0412,2026-06-24,6,98,Late Incoming Rake
FLR-00601,AST-0412,2024-05-05,9,90,Track Maintenance / PSR
FLR-00602,AST-0412,2026-06-24,8,124,Track Maintenance / PSR
FLR-00603,AST-0413,2024-09-22,6,107,Station Congestion
FLR-00604,AST-0413,2025-06-13,6,125,Signal Failure
FLR-00605,AST-0415,2024-03-22,7,127,Track Congestion
FLR-00606,AST-0415,2026-03-27,4,125,Track Congestion
FLR-00607,AST-0416,2025-08-31,6,131,Late Incoming Rake
FLR-00608,AST-0416,2025-12-09,6,164,Track Congestion
FLR-00609,AST-0417,2025-12-14,5,160,Station Congestion
FLR-00610,AST-0418,2024-10-06,7,130,Late Incoming Rake
FLR-00611,AST-0418,2024-09-07,3,135,Track Maintenance / PSR
FLR-00612,AST-0418,2025-07-07,3,176,Track Maintenance / PSR
FLR-00613,AST-0419,2024-07-26,6,120,Late Incoming Rake
FLR-00614,AST-0419,2024-10-03,5,126,Fog / Low Visibility
FLR-00615,AST-0420,2025-02-02,6,156,Track Congestion
FLR-00616,AST-0420,2025-07-29,10,108,Late Incoming Rake
FLR-00617,AST-0420,2024-03-03,7,131,Late Incoming Rake
FLR-00618,AST-0423,2026-02-20,4,98,Loco / Engine Failure
FLR-00619,AST-0424,2024-12-25,6,193,Late Incoming Rake
FLR-00620,AST-0426,2024-11-07,5,139,Track Maintenance / PSR
FLR-00621,AST-0427,2024-04-08,7,134,Track Maintenance / PSR
FLR-00622,AST-0431,2024-03-07,8,121,Late Incoming Rake
FLR-00623,AST-0431,2024-10-23,7,155,Track Congestion
FLR-00624,AST-0432,2024-10-04,10,96,Station Congestion
FLR-00625,AST-0432,2025-09-15,6,89,Technical Inspection
FLR-00626,AST-0432,2023-09-30,6,114,Track Maintenance / PSR
FLR-00627,AST-0433,2025-11-30,5,103,Track Congestion
FLR-00628,AST-0433,2024-11-03,3,169,Fog / Low Visibility
FLR-00629,AST-0433,2026-05-07,6,109,Track Maintenance / PSR
FLR-00630,AST-0433,2023-11-18,5,140,Track Maintenance / PSR
FLR-00631,AST-0434,2024-12-07,5,135,Track Maintenance / PSR
FLR-00632,AST-0435,2025-02-03,4,127,Freight Priority
FLR-00633,AST-0437,2023-11-16,5,111,Late Incoming Rake
FLR-00634,AST-0437,2026-05-12,4,128,Track Congestion
FLR-00635,AST-0438,2025-02-22,7,188,Station Congestion
FLR-00636,AST-0438,2024-01-21,8,97,Late Incoming Rake
FLR-00637,AST-0438,2023-10-24,6,115,Flooding / Waterlogging
FLR-00638,AST-0438,2025-05-14,9,86,Track Congestion
FLR-00639,AST-0438,2025-02-05,6,125,Track Maintenance / PSR
FLR-00640,AST-0438,2026-06-19,8,130,Flooding / Waterlogging
FLR-00641,AST-0438,2026-08-11,7,131,Track Maintenance / PSR
FLR-00642,AST-0440,2025-05-02,5,122,Unscheduled Halt
FLR-00643,AST-0440,2025-12-07,5,126,Track Congestion
FLR-00644,AST-0441,2026-05-28,6,208,Track Congestion
FLR-00645,AST-0446,2025-01-03,5,148,Late Incoming Rake
FLR-00646,AST-0446,2024-06-01,4,130,Track Congestion
FLR-00647,AST-0446,2024-07-01,6,166,Late Incoming Rake
FLR-00648,AST-0447,2026-02-17,6,141,Track Congestion
FLR-00649,AST-0449,2025-01-31,5,122,Level Crossing Delay
FLR-00650,AST-0449,2025-05-23,5,134,Track Congestion
FLR-00651,AST-0449,2025-12-20,8,121,Track Maintenance / PSR
FLR-00652,AST-0449,2024-06-14,4,113,Loco / Engine Failure
FLR-00653,AST-0450,2024-06-22,4,146,Flooding / Waterlogging
FLR-00654,AST-0452,2025-09-05,7,146,Track Congestion
FLR-00655,AST-0452,2024-09-26,5,128,Station Congestion
FLR-00656,AST-0453,2024-05-15,7,115,Late Incoming Rake
FLR-00657,AST-0454,2025-03-06,4,152,Track Congestion
FLR-00658,AST-0454,2025-04-19,5,144,Level Crossing Delay
FLR-00659,AST-0455,2026-07-12,3,85,Crew Availability
FLR-00660,AST-0456,2025-12-28,6,112,Level Crossing Delay
FLR-00661,AST-0456,2023-10-10,7,167,Track Congestion
FLR-00662,AST-0456,2025-04-16,6,127,Flooding / Waterlogging
FLR-00663,AST-0456,2025-06-17,6,125,Loco / Engine Failure
FLR-00664,AST-0458,2026-08-25,5,103,Late Incoming Rake
FLR-00665,AST-0458,2026-03-20,5,139,Track Congestion
FLR-00666,AST-0461,2025-08-16,8,128,Track Congestion
FLR-00667,AST-0464,2026-06-24,6,90,Unscheduled Halt
FLR-00668,AST-0464,2025-05-14,3,137,Track Congestion
FLR-00669,AST-0464,2024-04-11,6,128,Track Congestion
FLR-00670,AST-0465,2025-09-30,8,119,Unscheduled Halt
FLR-00671,AST-0465,2024-11-08,5,130,Track Maintenance / PSR
FLR-00672,AST-0465,2026-02-13,6,91,Technical Inspection
FLR-00673,AST-0466,2025-07-17,1,150,Track Congestion
FLR-00674,AST-0467,2023-09-14,7,135,Unscheduled Halt
FLR-00675,AST-0467,2024-09-28,8,116,Passenger Emergency
FLR-00676,AST-0468,2024-04-03,4,84,Track Maintenance / PSR
FLR-00677,AST-0468,2026-08-11,7,132,Track Congestion
FLR-00678,AST-0470,2023-11-13,5,128,Late Incoming Rake
FLR-00679,AST-0471,2025-04-25,3,115,Flooding / Waterlogging
FLR-00680,AST-0472,2025-06-10,6,150,Track Maintenance / PSR
FLR-00681,AST-0472,2026-04-26,6,124,Track Congestion
FLR-00682,AST-0473,2026-07-08,6,103,Track Congestion
FLR-00683,AST-0474,2024-10-03,6,158,Track Congestion
FLR-00684,AST-0474,2026-01-13,5,158,Track Congestion
FLR-00685,AST-0475,2024-11-06,6,168,Track Maintenance / PSR
FLR-00686,AST-0476,2026-01-22,6,171,Late Incoming Rake
FLR-00687,AST-0476,2026-07-02,6,148,Flooding / Waterlogging
FLR-00688,AST-0477,2026-01-27,4,132,Track Congestion
FLR-00689,AST-0478,2026-08-04,5,160,Late Incoming Rake
FLR-00690,AST-0478,2024-02-18,7,147,Late Incoming Rake
FLR-00691,AST-0479,2023-12-12,7,173,Station Congestion
FLR-00692,AST-0482,2024-03-27,6,100,Track Congestion
FLR-00693,AST-0482,2026-01-13,5,149,Late Incoming Rake
FLR-00694,AST-0482,2025-07-06,5,158,Track Congestion
FLR-00695,AST-0487,2025-07-15,7,144,Late Incoming Rake
FLR-00696,AST-0487,2025-10-16,4,132,Level Crossing Delay
FLR-00697,AST-0489,2026-06-29,5,132,Level Crossing Delay
FLR-00698,AST-0490,2025-08-10,5,132,Unscheduled Halt
FLR-00699,AST-0490,2025-08-07,9,154,Flooding / Waterlogging
FLR-00700,AST-0491,2026-08-10,6,138,Track Maintenance / PSR
FLR-00701,AST-0491,2023-12-05,6,104,Passenger Emergency
FLR-00702,AST-0491,2025-01-19,8,138,Signal Failure
FLR-00703,AST-0491,2024-09-15,5,93,Flooding / Waterlogging
FLR-00704,AST-0492,2025-02-25,9,113,Crew Availability
FLR-00705,AST-0492,2025-09-18,7,146,Freight Priority
FLR-00706,AST-0492,2025-04-19,7,93,Late Incoming Rake
FLR-00707,AST-0492,2025-10-03,8,132,Passenger Emergency
FLR-00708,AST-0493,2026-05-17,7,122,Fog / Low Visibility
FLR-00709,AST-0494,2026-05-21,9,150,Track Maintenance / PSR
FLR-00710,AST-0494,2025-12-07,7,144,Flooding / Waterlogging
FLR-00711,AST-0495,2024-01-15,2,139,Passenger Emergency
FLR-00712,AST-0496,2024-06-03,6,147,Flooding / Waterlogging
FLR-00713,AST-0496,2024-03-20,8,114,Track Congestion
FLR-00714,AST-0497,2026-06-21,10,115,Flooding / Waterlogging
FLR-00715,AST-0497,2025-05-02,5,136,Track Congestion
FLR-00716,AST-0497,2024-12-23,10,123,Flooding / Waterlogging
FLR-00717,AST-0497,2026-08-22,8,189,Late Incoming Rake
FLR-00718,AST-0498,2025-02-15,6,117,Crew Availability
FLR-00719,AST-0498,2024-07-18,7,173,Flooding / Waterlogging
FLR-00720,AST-0498,2025-07-26,6,177,Track Maintenance / PSR
FLR-00721,AST-0499,2024-11-16,8,58,Flooding / Waterlogging
FLR-00722,AST-0499,2025-03-14,8,105,Flooding / Waterlogging
FLR-00723,AST-0502,2026-04-02,7,129,Track Congestion
FLR-00724,AST-0502,2025-07-30,7,92,Fog / Low Visibility
FLR-00725,AST-0502,2025-06-26,6,129,Station Congestion
FLR-00726,AST-0504,2023-09-13,7,147,Signal Failure
FLR-00727,AST-0505,2024-10-07,3,91,Flooding / Waterlogging
FLR-00728,AST-0506,2024-02-28,5,135,Track Maintenance / PSR
FLR-00729,AST-0506,2024-01-14,7,87,Station Congestion
FLR-00730,AST-0507,2023-10-15,4,101,Late Incoming Rake
FLR-00731,AST-0507,2026-08-17,7,146,Track Maintenance / PSR
FLR-00732,AST-0507,2026-07-26,5,108,Track Congestion
FLR-00733,AST-0508,2024-07-22,5,211,Track Congestion
FLR-00734,AST-0508,2025-04-03,3,107,Freight Priority
FLR-00735,AST-0509,2023-10-04,7,108,Level Crossing Delay
FLR-00736,AST-0512,2024-08-08,6,162,Late Incoming Rake
FLR-00737,AST-0512,2024-06-08,6,108,Station Congestion
FLR-00738,AST-0512,2024-09-18,6,104,Loco / Engine Failure
FLR-00739,AST-0512,2026-04-11,7,126,Track Maintenance / PSR
FLR-00740,AST-0513,2026-02-25,4,137,Track Maintenance / PSR
FLR-00741,AST-0513,2026-03-22,8,137,Track Congestion
FLR-00742,AST-0514,2024-05-14,5,92,Loco / Engine Failure
FLR-00743,AST-0514,2025-09-10,6,173,Flooding / Waterlogging
FLR-00744,AST-0514,2025-05-07,7,129,Track Congestion
FLR-00745,AST-0514,2024-02-03,5,129,Late Incoming Rake
FLR-00746,AST-0514,2026-08-14,6,136,Flooding / Waterlogging
FLR-00747,AST-0514,2026-06-14,7,136,Track Congestion
FLR-00748,AST-0515,2023-12-16,6,101,Track Congestion
FLR-00749,AST-0515,2024-01-13,8,153,Late Incoming Rake
FLR-00750,AST-0516,2023-10-23,7,104,Track Congestion
FLR-00751,AST-0517,2026-07-14,7,130,Level Crossing Delay
FLR-00752,AST-0518,2024-04-26,9,182,Track Congestion
FLR-00753,AST-0518,2023-12-25,5,150,Flooding / Waterlogging
FLR-00754,AST-0519,2026-08-31,7,97,Flooding / Waterlogging
FLR-00755,AST-0519,2024-12-28,6,130,Loco / Engine Failure
FLR-00756,AST-0520,2025-06-19,5,99,Flooding / Waterlogging
FLR-00757,AST-0521,2025-02-28,7,132,Station Congestion
FLR-00758,AST-0521,2024-11-24,8,124,Track Maintenance / PSR
FLR-00759,AST-0524,2024-01-21,8,151,Flooding / Waterlogging
FLR-00760,AST-0525,2026-02-17,6,151,Track Congestion
FLR-00761,AST-0526,2025-04-04,6,112,Unscheduled Halt
FLR-00762,AST-0527,2025-05-28,6,132,Flooding / Waterlogging
FLR-00763,AST-0527,2026-01-20,7,118,Late Incoming Rake
FLR-00764,AST-0527,2026-02-18,6,144,Late Incoming Rake
FLR-00765,AST-0527,2024-07-24,8,154,Track Congestion
FLR-00766,AST-0528,2024-11-06,8,133,Track Congestion
FLR-00767,AST-0528,2026-06-13,8,129,Station Congestion
FLR-00768,AST-0528,2024-01-09,5,158,Flooding / Waterlogging
FLR-00769,AST-0528,2024-04-30,6,156,Flooding / Waterlogging
FLR-00770,AST-0528,2025-08-04,4,93,Flooding / Waterlogging
FLR-00771,AST-0529,2026-08-30,7,154,Flooding / Waterlogging
FLR-00772,AST-0530,2026-05-17,6,122,Flooding / Waterlogging
FLR-00773,AST-0530,2024-01-04,5,110,Crew Availability
FLR-00774,AST-0530,2026-08-09,7,144,Flooding / Waterlogging
FLR-00775,AST-0530,2025-12-10,7,188,Flooding / Waterlogging
FLR-00776,AST-0530,2024-07-09,5,100,Crew Availability
FLR-00777,AST-0533,2024-08-01,9,126,Track Congestion
FLR-00778,AST-0534,2025-09-06,6,87,Freight Priority
FLR-00779,AST-0534,2026-02-12,7,135,Track Congestion
FLR-00780,AST-0534,2025-01-12,5,145,Flooding / Waterlogging
FLR-00781,AST-0535,2024-02-19,2,145,Track Maintenance / PSR
FLR-00782,AST-0537,2026-01-14,8,91,Track Congestion
FLR-00783,AST-0537,2024-07-24,3,178,Track Maintenance / PSR
FLR-00784,AST-0537,2026-06-07,7,97,Flooding / Waterlogging
FLR-00785,AST-0537,2024-02-16,10,147,Late Incoming Rake
FLR-00786,AST-0539,2025-02-08,5,104,Flooding / Waterlogging
FLR-00787,AST-0542,2026-08-30,5,211,Track Congestion
FLR-00788,AST-0542,2024-09-02,4,130,Flooding / Waterlogging
FLR-00789,AST-0543,2023-11-20,6,85,Loco / Engine Failure
FLR-00790,AST-0544,2025-10-02,5,114,Flooding / Waterlogging
FLR-00791,AST-0544,2024-03-09,7,122,Station Congestion
FLR-00792,AST-0546,2024-05-02,4,120,Track Congestion
FLR-00793,AST-0546,2024-08-19,8,178,Late Incoming Rake
FLR-00794,AST-0546,2024-10-02,8,106,Track Congestion
FLR-00795,AST-0546,2025-12-19,7,109,Station Congestion
FLR-00796,AST-0546,2025-07-23,7,167,Late Incoming Rake
FLR-00797,AST-0549,2025-11-27,9,139,Track Maintenance / PSR
FLR-00798,AST-0549,2023-11-15,7,154,Track Maintenance / PSR
FLR-00799,AST-0550,2026-02-03,6,132,Track Congestion
FLR-00800,AST-0550,2024-07-26,5,118,Level Crossing Delay
FLR-00801,AST-0554,2024-04-04,5,142,Late Incoming Rake
FLR-00802,AST-0554,2024-08-17,5,163,Flooding / Waterlogging
FLR-00803,AST-0554,2025-02-12,6,123,Track Congestion
FLR-00804,AST-0555,2026-07-09,8,144,Flooding / Waterlogging
FLR-00805,AST-0556,2025-05-26,7,135,Track Maintenance / PSR
FLR-00806,AST-0556,2024-10-17,7,155,Late Incoming Rake
FLR-00807,AST-0557,2025-10-28,5,113,Flooding / Waterlogging
FLR-00808,AST-0557,2025-10-05,4,83,Late Incoming Rake
FLR-00809,AST-0562,2024-10-25,6,145,Flooding / Waterlogging
FLR-00810,AST-0562,2025-06-12,6,90,Flooding / Waterlogging
FLR-00811,AST-0563,2026-02-23,7,110,Station Congestion
FLR-00812,AST-0564,2025-09-21,4,95,Flooding / Waterlogging
FLR-00813,AST-0565,2025-04-08,7,141,Track Congestion
FLR-00814,AST-0565,2024-06-06,7,131,Passenger Emergency
FLR-00815,AST-0566,2026-01-30,5,164,Track Maintenance / PSR
FLR-00816,AST-0566,2025-10-28,5,101,Track Maintenance / PSR
FLR-00817,AST-0567,2023-09-11,7,131,Freight Priority
FLR-00818,AST-0567,2024-04-06,8,142,Signal Failure
FLR-00819,AST-0568,2024-09-09,6,86,Signal Failure
FLR-00820,AST-0571,2026-05-22,6,147,Level Crossing Delay
FLR-00821,AST-0571,2025-06-13,9,179,Track Maintenance / PSR
FLR-00822,AST-0571,2025-10-23,6,160,Station Congestion
FLR-00823,AST-0572,2023-12-15,9,156,Late Incoming Rake
FLR-00824,AST-0572,2024-03-12,7,155,Station Congestion
FLR-00825,AST-0572,2025-08-21,6,139,Track Maintenance / PSR
FLR-00826,AST-0572,2025-06-18,5,99,Level Crossing Delay
FLR-00827,AST-0573,2023-10-21,4,102,Crew Availability
FLR-00828,AST-0574,2024-08-22,3,147,Track Congestion
FLR-00829,AST-0575,2023-11-25,5,150,Unscheduled Halt
FLR-00830,AST-0575,2023-11-01,7,118,Unscheduled Halt
FLR-00831,AST-0575,2025-02-12,8,173,Late Incoming Rake
FLR-00832,AST-0576,2025-04-14,4,140,Late Incoming Rake
FLR-00833,AST-0577,2024-12-19,5,118,Flooding / Waterlogging
FLR-00834,AST-0577,2024-01-20,4,165,Late Incoming Rake
FLR-00835,AST-0577,2025-06-05,8,100,Track Maintenance / PSR
FLR-00836,AST-0579,2026-02-09,5,115,Track Maintenance / PSR
FLR-00837,AST-0580,2024-04-01,4,138,Late Incoming Rake
FLR-00838,AST-0581,2024-03-06,2,114,Track Congestion
FLR-00839,AST-0581,2025-05-18,5,88,Loco / Engine Failure
FLR-00840,AST-0581,2024-03-24,5,157,Freight Priority
FLR-00841,AST-0583,2026-02-02,7,151,Late Incoming Rake
FLR-00842,AST-0583,2025-01-30,4,105,Late Incoming Rake
FLR-00843,AST-0583,2024-12-08,9,182,Track Congestion
FLR-00844,AST-0584,2025-05-08,7,132,Loco / Engine Failure
FLR-00845,AST-0584,2026-06-15,9,123,Flooding / Waterlogging
FLR-00846,AST-0584,2024-01-17,8,153,Fog / Low Visibility
FLR-00847,AST-0584,2024-04-25,6,137,Late Incoming Rake
FLR-00848,AST-0586,2024-11-04,5,139,Flooding / Waterlogging
FLR-00849,AST-0586,2025-08-31,8,140,Late Incoming Rake
FLR-00850,AST-0586,2025-08-25,5,59,Technical Inspection
FLR-00851,AST-0587,2024-07-26,8,107,Track Congestion
FLR-00852,AST-0587,2024-08-23,7,151,Flooding / Waterlogging
FLR-00853,AST-0588,2024-04-14,3,127,Late Incoming Rake
FLR-00854,AST-0588,2025-02-11,5,106,Crew Availability
FLR-00855,AST-0588,2024-03-25,9,76,Unscheduled Halt
FLR-00856,AST-0589,2024-07-21,5,140,Signal Failure
FLR-00857,AST-0589,2025-12-31,6,114,Track Maintenance / PSR
FLR-00858,AST-0589,2026-08-26,6,123,Flooding / Waterlogging
FLR-00859,AST-0590,2024-05-19,6,161,Track Maintenance / PSR
FLR-00860,AST-0590,2024-02-02,7,161,Late Incoming Rake
FLR-00861,AST-0590,2025-05-14,6,129,Flooding / Waterlogging
FLR-00862,AST-0592,2025-06-01,6,101,Track Congestion
FLR-00863,AST-0593,2025-11-01,5,119,Signal Failure
FLR-00864,AST-0593,2024-12-16,8,137,Station Congestion
FLR-00865,AST-0594,2026-07-26,6,137,Flooding / Waterlogging
FLR-00866,AST-0595,2025-02-19,6,175,Signal Failure
FLR-00867,AST-0595,2024-03-20,7,111,Crew Availability
FLR-00868,AST-0596,2023-09-05,6,162,Track Congestion
FLR-00869,AST-0597,2024-08-18,4,84,Track Maintenance / PSR
FLR-00870,AST-0597,2026-07-16,5,162,Flooding / Waterlogging
FLR-00871,AST-0597,2024-10-06,9,131,Signal Failure
FLR-00872,AST-0597,2025-05-02,7,130,Late Incoming Rake
FLR-00873,AST-0598,2025-10-06,4,147,Late Incoming Rake
FLR-00874,AST-0598,2023-09-12,9,95,Technical Inspection
FLR-00875,AST-0598,2025-12-03,6,117,Track Congestion
FLR-00876,AST-0598,2026-08-27,7,132,Unscheduled Halt
FLR-00877,AST-0600,2023-11-11,4,103,Flooding / Waterlogging
FLR-00878,AST-0603,2025-06-15,6,112,Track Maintenance / PSR
FLR-00879,AST-0604,2025-01-08,5,160,Track Maintenance / PSR
FLR-00880,AST-0604,2024-09-08,3,121,Track Congestion
FLR-00881,AST-0606,2026-05-14,4,125,Track Congestion
FLR-00882,AST-0606,2026-01-27,5,167,Track Maintenance / PSR
FLR-00883,AST-0607,2024-09-22,8,122,Flooding / Waterlogging
FLR-00884,AST-0607,2026-06-02,8,114,Flooding / Waterlogging
FLR-00885,AST-0608,2026-06-09,8,133,Unscheduled Halt
FLR-00886,AST-0608,2024-08-25,6,131,Track Congestion
FLR-00887,AST-0608,2024-07-21,6,171,Late Incoming Rake
FLR-00888,AST-0609,2025-01-26,7,91,Station Congestion
FLR-00889,AST-0609,2025-07-01,7,156,Late Incoming Rake
FLR-00890,AST-0609,2026-05-23,6,173,Track Maintenance / PSR
FLR-00891,AST-0609,2026-07-08,6,131,Track Congestion
FLR-00892,AST-0609,2024-10-23,5,185,Late Incoming Rake
FLR-00893,AST-0609,2023-09-08,7,106,Flooding / Waterlogging
FLR-00894,AST-0610,2026-06-15,6,99,Crew Availability
FLR-00895,AST-0610,2025-02-09,8,157,Flooding / Waterlogging
FLR-00896,AST-0610,2026-06-05,8,114,Track Maintenance / PSR
FLR-00897,AST-0610,2025-04-13,6,169,Station Congestion
FLR-00898,AST-0611,2024-08-11,3,165,Late Incoming Rake
FLR-00899,AST-0612,2025-06-18,7,132,Unscheduled Halt
FLR-00900,AST-0614,2024-11-14,5,99,Unscheduled Halt
FLR-00901,AST-0614,2024-10-27,8,162,Track Maintenance / PSR
FLR-00902,AST-0614,2024-05-11,3,152,Track Congestion
FLR-00903,AST-0614,2025-10-14,2,121,Passenger Emergency
FLR-00904,AST-0615,2023-09-27,7,153,Track Maintenance / PSR
FLR-00905,AST-0615,2024-04-26,8,98,Track Maintenance / PSR
FLR-00906,AST-0615,2025-01-27,6,150,Level Crossing Delay
FLR-00907,AST-0615,2025-04-23,8,157,Unscheduled Halt
FLR-00908,AST-0616,2025-02-10,9,103,Level Crossing Delay
FLR-00909,AST-0616,2024-05-27,4,169,Late Incoming Rake
FLR-00910,AST-0619,2025-02-14,9,128,Level Crossing Delay
FLR-00911,AST-0619,2025-02-18,7,157,Late Incoming Rake
FLR-00912,AST-0619,2023-09-08,8,155,Track Maintenance / PSR
FLR-00913,AST-0620,2025-06-21,8,132,Flooding / Waterlogging
FLR-00914,AST-0620,2025-07-27,4,57,Track Congestion
FLR-00915,AST-0620,2024-07-15,10,163,Passenger Emergency
FLR-00916,AST-0621,2025-06-06,3,113,Unscheduled Halt
FLR-00917,AST-0622,2024-02-18,4,83,Freight Priority
FLR-00918,AST-0622,2025-08-31,5,72,Unscheduled Halt
FLR-00919,AST-0622,2026-04-24,4,158,Freight Priority
FLR-00920,AST-0623,2024-07-15,6,149,Track Maintenance / PSR
FLR-00921,AST-0625,2023-10-01,7,139,Signal Failure
FLR-00922,AST-0625,2025-02-08,7,156,Unscheduled Halt
FLR-00923,AST-0625,2026-08-11,6,159,Flooding / Waterlogging
FLR-00924,AST-0626,2025-05-12,8,103,Late Incoming Rake
FLR-00925,AST-0626,2025-04-21,2,125,Flooding / Waterlogging
FLR-00926,AST-0626,2023-12-10,6,138,Unscheduled Halt
FLR-00927,AST-0627,2024-11-03,9,104,Track Congestion
FLR-00928,AST-0628,2026-03-13,6,123,Flooding / Waterlogging
FLR-00929,AST-0628,2026-01-09,6,104,Flooding / Waterlogging
FLR-00930,AST-0631,2024-11-06,10,92,Loco / Engine Failure
FLR-00931,AST-0631,2025-07-06,5,162,Flooding / Waterlogging
FLR-00932,AST-0631,2024-02-01,10,144,Late Incoming Rake
FLR-00933,AST-0632,2026-06-04,5,167,Station Congestion
FLR-00934,AST-0632,2026-02-25,4,112,Track Maintenance / PSR
FLR-00935,AST-0633,2024-06-23,5,155,Track Maintenance / PSR
FLR-00936,AST-0635,2023-12-02,5,99,Crew Availability
FLR-00937,AST-0636,2025-05-17,10,142,Late Incoming Rake
FLR-00938,AST-0636,2024-06-18,8,137,Track Congestion
FLR-00939,AST-0636,2025-02-10,7,115,Late Incoming Rake
FLR-00940,AST-0636,2026-07-20,7,118,Track Maintenance / PSR
FLR-00941,AST-0637,2025-05-05,7,46,Loco / Engine Failure
FLR-00942,AST-0639,2023-11-08,8,89,Flooding / Waterlogging
FLR-00943,AST-0640,2025-12-13,8,152,Track Congestion
FLR-00944,AST-0640,2025-08-12,5,121,Track Congestion
FLR-00945,AST-0640,2024-07-09,5,169,Track Congestion
FLR-00946,AST-0640,2025-02-18,6,190,Track Congestion
FLR-00947,AST-0641,2024-08-07,7,99,Passenger Emergency
FLR-00948,AST-0641,2025-09-25,5,135,Track Congestion
FLR-00949,AST-0642,2025-11-16,3,108,Freight Priority
FLR-00950,AST-0642,2024-09-04,7,162,Station Congestion
FLR-00951,AST-0642,2026-06-16,6,165,Track Maintenance / PSR
FLR-00952,AST-0644,2025-03-22,7,125,Freight Priority
FLR-00953,AST-0644,2024-10-25,7,123,Level Crossing Delay
FLR-00954,AST-0644,2026-08-22,5,98,Track Congestion
FLR-00955,AST-0645,2025-06-13,7,184,Track Congestion
FLR-00956,AST-0645,2024-01-05,6,143,Track Congestion
FLR-00957,AST-0648,2024-06-19,5,140,Unscheduled Halt
FLR-00958,AST-0649,2025-07-30,8,136,Track Congestion
FLR-00959,AST-0650,2026-06-07,4,175,Track Maintenance / PSR
FLR-00960,AST-0650,2026-03-28,6,110,Flooding / Waterlogging
FLR-00961,AST-0650,2026-05-20,9,117,Track Maintenance / PSR
FLR-00962,AST-0651,2023-09-30,7,164,Station Congestion
FLR-00963,AST-0653,2024-03-12,5,118,Signal Failure
FLR-00964,AST-0654,2025-02-09,5,160,Late Incoming Rake
FLR-00965,AST-0654,2025-12-03,4,147,Flooding / Waterlogging
FLR-00966,AST-0654,2024-04-10,9,186,Flooding / Waterlogging
FLR-00967,AST-0655,2026-07-09,7,112,Track Congestion
FLR-00968,AST-0655,2024-09-27,6,142,Track Congestion
FLR-00969,AST-0655,2024-08-15,9,114,Flooding / Waterlogging
FLR-00970,AST-0655,2025-08-18,7,136,Flooding / Waterlogging
FLR-00971,AST-0656,2026-06-26,7,135,Track Congestion
FLR-00972,AST-0658,2026-04-14,5,132,Crew Availability
FLR-00973,AST-0658,2025-12-26,10,125,Late Incoming Rake
FLR-00974,AST-0658,2023-09-13,4,114,Freight Priority
FLR-00975,AST-0658,2024-06-26,4,152,Late Incoming Rake
FLR-00976,AST-0659,2024-12-13,7,100,Flooding / Waterlogging
FLR-00977,AST-0659,2026-08-22,7,172,Late Incoming Rake
FLR-00978,AST-0659,2023-11-15,7,155,Flooding / Waterlogging
FLR-00979,AST-0659,2026-01-02,7,109,Flooding / Waterlogging
FLR-00980,AST-0660,2026-02-08,5,111,Track Maintenance / PSR
FLR-00981,AST-0660,2025-08-25,8,127,Loco / Engine Failure
FLR-00982,AST-0661,2026-03-04,1,195,Track Congestion
FLR-00983,AST-0662,2026-05-09,7,153,Track Maintenance / PSR
FLR-00984,AST-0663,2024-03-10,5,116,Station Congestion
FLR-00985,AST-0664,2025-02-14,5,142,Late Incoming Rake
FLR-00986,AST-0667,2024-04-25,7,115,Unscheduled Halt
FLR-00987,AST-0667,2026-05-08,5,150,Flooding / Waterlogging
FLR-00988,AST-0669,2024-12-25,6,134,Track Congestion
FLR-00989,AST-0670,2024-03-26,8,83,Passenger Emergency
FLR-00990,AST-0670,2026-07-02,6,146,Track Maintenance / PSR
FLR-00991,AST-0671,2025-10-23,6,114,Flooding / Waterlogging
FLR-00992,AST-0673,2025-06-04,5,101,Station Congestion
FLR-00993,AST-0674,2025-04-23,8,145,Track Congestion
FLR-00994,AST-0674,2023-09-14,6,177,Track Congestion
FLR-00995,AST-0675,2024-12-14,4,132,Late Incoming Rake
FLR-00996,AST-0675,2026-01-28,6,129,Unscheduled Halt
FLR-00997,AST-0676,2026-06-12,5,174,Unscheduled Halt
FLR-00998,AST-0676,2023-11-20,10,112,Track Maintenance / PSR
FLR-00999,AST-0677,2026-05-10,6,136,Track Congestion
FLR-01000,AST-0677,2026-02-24,4,142,Station Congestion
FLR-01001,AST-0678,2026-07-26,5,151,Flooding / Waterlogging
FLR-01002,AST-0679,2024-11-30,6,127,Track Congestion
FLR-01003,AST-0680,2025-11-13,5,115,Track Maintenance / PSR
FLR-01004,AST-0681,2024-10-21,9,123,Track Congestion
FLR-01005,AST-0681,2024-06-04,7,103,Passenger Emergency
FLR-01006,AST-0682,2024-05-17,7,126,Unscheduled Halt
FLR-01007,AST-0682,2025-08-06,8,155,Flooding / Waterlogging
FLR-01008,AST-0682,2025-11-26,8,189,Track Congestion
FLR-01009,AST-0682,2026-07-05,6,84,Signal Failure
FLR-01010,AST-0682,2025-04-07,6,116,Track Congestion
FLR-01011,AST-0683,2024-10-19,6,145,Station Congestion
FLR-01012,AST-0683,2024-05-05,3,113,Track Congestion
FLR-01013,AST-0683,2026-08-03,2,127,Track Congestion
FLR-01014,AST-0684,2024-07-13,3,147,Late Incoming Rake
FLR-01015,AST-0685,2025-02-10,8,106,Crew Availability
FLR-01016,AST-0685,2025-10-03,5,136,Track Maintenance / PSR
FLR-01017,AST-0687,2023-09-06,7,144,Flooding / Waterlogging
FLR-01018,AST-0689,2025-02-12,5,129,Signal Failure
FLR-01019,AST-0690,2023-12-24,7,92,Track Congestion
FLR-01020,AST-0690,2026-07-06,7,152,Flooding / Waterlogging
FLR-01021,AST-0691,2026-05-10,8,186,Late Incoming Rake
FLR-01022,AST-0691,2024-04-23,8,128,Track Maintenance / PSR
FLR-01023,AST-0693,2024-08-02,8,170,Station Congestion
FLR-01024,AST-0693,2025-10-07,5,104,Station Congestion
FLR-01025,AST-0693,2023-10-16,9,149,Late Incoming Rake
FLR-01026,AST-0695,2024-06-03,2,86,Crew Availability
FLR-01027,AST-0695,2024-11-22,6,104,Passenger Emergency
FLR-01028,AST-0695,2024-08-15,7,147,Track Congestion
FLR-01029,AST-0697,2025-09-02,6,193,Fog / Low Visibility
FLR-01030,AST-0697,2023-09-20,7,179,Track Congestion
FLR-01031,AST-0697,2026-05-02,8,110,Passenger Emergency
FLR-01032,AST-0700,2026-03-10,5,93,Track Congestion
FLR-01033,AST-0700,2024-02-16,7,129,Track Congestion
FLR-01034,AST-0701,2025-07-28,6,144,Track Congestion
FLR-01035,AST-0702,2026-08-29,5,128,Flooding / Waterlogging
FLR-01036,AST-0702,2024-11-23,7,93,Signal Failure
FLR-01037,AST-0703,2025-12-15,3,119,Track Congestion
FLR-01038,AST-0703,2025-07-24,6,98,Track Maintenance / PSR
FLR-01039,AST-0705,2024-08-29,4,106,Signal Failure
FLR-01040,AST-0706,2026-05-18,6,158,Track Maintenance / PSR
FLR-01041,AST-0706,2025-06-16,9,113,Track Maintenance / PSR
FLR-01042,AST-0707,2024-06-04,4,173,Late Incoming Rake
FLR-01043,AST-0708,2025-02-02,6,100,Track Maintenance / PSR
FLR-01044,AST-0709,2026-07-08,6,123,Flooding / Waterlogging
FLR-01045,AST-0710,2025-10-08,5,127,Track Maintenance / PSR
FLR-01046,AST-0710,2025-06-12,3,108,Track Congestion
FLR-01047,AST-0711,2024-05-05,5,122,Flooding / Waterlogging
FLR-01048,AST-0712,2025-07-23,6,114,Track Maintenance / PSR
FLR-01049,AST-0712,2025-11-12,3,141,Station Congestion
FLR-01050,AST-0712,2026-02-07,6,104,Crew Availability
FLR-01051,AST-0712,2025-10-02,3,127,Unscheduled Halt
FLR-01052,AST-0713,2023-10-14,6,131,Track Congestion
FLR-01053,AST-0715,2025-02-28,6,157,Track Congestion
FLR-01054,AST-0715,2024-02-13,5,121,Flooding / Waterlogging
FLR-01055,AST-0715,2024-01-24,6,114,Fog / Low Visibility
FLR-01056,AST-0716,2024-06-01,7,121,Late Incoming Rake
FLR-01057,AST-0716,2026-07-07,8,135,Track Congestion
FLR-01058,AST-0717,2025-12-30,3,87,Passenger Emergency
FLR-01059,AST-0718,2024-03-01,6,113,Technical Inspection
FLR-01060,AST-0718,2026-01-27,7,143,Flooding / Waterlogging
FLR-01061,AST-0718,2023-12-19,10,157,Station Congestion
FLR-01062,AST-0719,2025-11-02,7,156,Track Maintenance / PSR
FLR-01063,AST-0719,2025-10-09,7,122,Track Congestion
FLR-01064,AST-0719,2025-02-11,6,132,Track Maintenance / PSR
FLR-01065,AST-0719,2026-06-20,6,136,Track Congestion
FLR-01066,AST-0719,2025-05-05,5,144,Track Maintenance / PSR
FLR-01067,AST-0721,2025-08-24,9,131,Late Incoming Rake
FLR-01068,AST-0721,2025-05-22,7,112,Track Congestion
FLR-01069,AST-0721,2024-10-03,7,154,Signal Failure
FLR-01070,AST-0722,2024-02-17,7,162,Track Maintenance / PSR
FLR-01071,AST-0726,2026-02-22,7,149,Station Congestion
FLR-01072,AST-0727,2024-04-23,9,144,Loco / Engine Failure
FLR-01073,AST-0727,2024-02-23,8,131,Technical Inspection
FLR-01074,AST-0727,2025-11-14,8,117,Flooding / Waterlogging
FLR-01075,AST-0728,2024-09-28,6,119,Track Maintenance / PSR
FLR-01076,AST-0728,2024-01-12,5,135,Track Congestion
FLR-01077,AST-0729,2025-04-06,6,114,Late Incoming Rake
FLR-01078,AST-0730,2024-05-09,7,117,Passenger Emergency
FLR-01079,AST-0730,2026-08-16,4,208,Late Incoming Rake
FLR-01080,AST-0731,2025-07-26,7,112,Track Congestion
FLR-01081,AST-0731,2026-07-01,4,162,Passenger Emergency
FLR-01082,AST-0733,2024-03-06,9,95,Signal Failure
FLR-01083,AST-0733,2025-08-14,6,159,Track Congestion
FLR-01084,AST-0733,2025-06-18,8,116,Late Incoming Rake
FLR-01085,AST-0733,2026-08-30,7,99,Track Congestion
FLR-01086,AST-0733,2025-04-14,8,135,Unscheduled Halt
FLR-01087,AST-0733,2024-11-24,7,182,Flooding / Waterlogging
FLR-01088,AST-0733,2024-03-31,8,149,Signal Failure
FLR-01089,AST-0733,2026-05-08,7,136,Track Congestion
FLR-01090,AST-0736,2024-07-26,6,138,Late Incoming Rake
FLR-01091,AST-0737,2025-05-27,8,139,Passenger Emergency
FLR-01092,AST-0737,2026-01-27,8,137,Fog / Low Visibility
FLR-01093,AST-0737,2025-11-12,10,114,Track Maintenance / PSR
FLR-01094,AST-0737,2024-09-17,7,135,Station Congestion
FLR-01095,AST-0738,2024-06-13,4,149,Flooding / Waterlogging
FLR-01096,AST-0739,2025-04-01,6,115,Freight Priority
FLR-01097,AST-0739,2024-10-07,4,92,Technical Inspection
FLR-01098,AST-0739,2026-01-13,9,110,Late Incoming Rake
FLR-01099,AST-0740,2025-01-19,8,127,Track Congestion
FLR-01100,AST-0741,2025-08-25,6,114,Technical Inspection
FLR-01101,AST-0741,2026-06-04,6,138,Station Congestion
FLR-01102,AST-0743,2026-08-08,6,88,Flooding / Waterlogging
FLR-01103,AST-0744,2024-05-30,8,158,Late Incoming Rake
FLR-01104,AST-0746,2023-09-06,7,134,Track Congestion
FLR-01105,AST-0746,2025-12-13,6,102,Freight Priority
FLR-01106,AST-0747,2025-05-17,4,115,Flooding / Waterlogging
FLR-01107,AST-0748,2026-02-19,9,119,Crew Availability
FLR-01108,AST-0748,2025-07-17,5,182,Track Congestion
FLR-01109,AST-0748,2024-04-04,6,105,Track Maintenance / PSR
FLR-01110,AST-0750,2025-06-06,5,133,Flooding / Waterlogging
FLR-01111,AST-0751,2025-11-27,5,116,Passenger Emergency
FLR-01112,AST-0751,2025-04-26,7,145,Technical Inspection
FLR-01113,AST-0753,2026-07-05,6,144,Flooding / Waterlogging
FLR-01114,AST-0754,2024-12-26,4,144,Late Incoming Rake
FLR-01115,AST-0754,2025-08-21,6,99,Signal Failure
FLR-01116,AST-0755,2024-07-21,7,159,Track Maintenance / PSR
FLR-01117,AST-0755,2024-07-03,4,94,Level Crossing Delay
FLR-01118,AST-0756,2024-11-02,5,128,Station Congestion
FLR-01119,AST-0756,2025-01-20,5,120,Track Congestion
FLR-01120,AST-0759,2026-07-15,8,140,Station Congestion
FLR-01121,AST-0759,2024-06-17,8,101,Late Incoming Rake
FLR-01122,AST-0759,2026-07-17,6,120,Track Maintenance / PSR
FLR-01123,AST-0760,2026-05-31,6,163,Late Incoming Rake
FLR-01124,AST-0761,2025-03-09,5,101,Freight Priority
FLR-01125,AST-0761,2023-12-20,7,117,Freight Priority
FLR-01126,AST-0764,2024-04-14,6,206,Flooding / Waterlogging
FLR-01127,AST-0765,2025-12-16,5,128,Freight Priority
FLR-01128,AST-0765,2023-10-04,4,177,Late Incoming Rake
FLR-01129,AST-0766,2025-05-26,6,157,Flooding / Waterlogging
FLR-01130,AST-0766,2026-01-27,6,131,Station Congestion
FLR-01131,AST-0767,2025-05-20,6,100,Station Congestion
FLR-01132,AST-0769,2024-07-21,8,141,Technical Inspection
FLR-01133,AST-0770,2023-10-31,6,98,Freight Priority
FLR-01134,AST-0771,2025-06-03,7,122,Unscheduled Halt
FLR-01135,AST-0771,2024-06-02,4,145,Track Maintenance / PSR
FLR-01136,AST-0771,2023-11-01,8,129,Track Congestion
FLR-01137,AST-0771,2025-07-04,6,141,Track Congestion
FLR-01138,AST-0772,2024-10-04,8,79,Crew Availability
FLR-01139,AST-0772,2026-05-12,5,134,Fog / Low Visibility
FLR-01140,AST-0772,2023-11-23,7,188,Station Congestion
FLR-01141,AST-0773,2026-02-26,6,187,Track Maintenance / PSR
FLR-01142,AST-0773,2026-06-30,8,173,Late Incoming Rake
FLR-01143,AST-0775,2025-10-21,7,115,Flooding / Waterlogging
FLR-01144,AST-0776,2023-09-15,6,126,Track Congestion
FLR-01145,AST-0776,2025-07-02,5,128,Track Congestion
FLR-01146,AST-0777,2025-06-11,8,137,Track Congestion
FLR-01147,AST-0778,2025-12-04,6,195,Track Maintenance / PSR
FLR-01148,AST-0778,2025-03-21,6,124,Track Congestion
FLR-01149,AST-0778,2025-09-04,7,118,Track Maintenance / PSR
FLR-01150,AST-0778,2026-03-08,5,100,Late Incoming Rake
FLR-01151,AST-0778,2026-06-18,8,140,Track Maintenance / PSR
FLR-01152,AST-0778,2026-03-28,7,181,Station Congestion
FLR-01153,AST-0780,2024-07-18,7,99,Level Crossing Delay
FLR-01154,AST-0780,2025-09-25,6,132,Passenger Emergency
FLR-01155,AST-0780,2023-12-03,6,122,Fog / Low Visibility
FLR-01156,AST-0784,2025-04-04,7,144,Late Incoming Rake
FLR-01157,AST-0784,2025-02-01,6,142,Station Congestion
FLR-01158,AST-0784,2025-06-02,6,114,Station Congestion
FLR-01159,AST-0785,2023-12-17,3,167,Late Incoming Rake
FLR-01160,AST-0786,2026-02-14,5,142,Track Congestion
FLR-01161,AST-0787,2025-02-24,6,107,Flooding / Waterlogging
FLR-01162,AST-0789,2024-01-07,4,100,Track Congestion
FLR-01163,AST-0789,2024-09-13,6,104,Flooding / Waterlogging
FLR-01164,AST-0790,2025-07-22,7,135,Station Congestion
FLR-01165,AST-0790,2024-08-04,5,68,Track Maintenance / PSR
FLR-01166,AST-0790,2025-06-09,6,90,Track Congestion
FLR-01167,AST-0791,2026-01-24,6,162,Flooding / Waterlogging
FLR-01168,AST-0791,2023-11-16,5,206,Flooding / Waterlogging
FLR-01169,AST-0793,2024-09-15,6,134,Crew Availability
FLR-01170,AST-0794,2026-08-16,6,121,Flooding / Waterlogging
FLR-01171,AST-0794,2026-05-12,6,144,Track Maintenance / PSR
FLR-01172,AST-0795,2025-10-21,7,139,Track Maintenance / PSR
FLR-01173,AST-0797,2024-10-02,2,121,Level Crossing Delay
FLR-01174,AST-0797,2024-12-07,6,137,Late Incoming Rake
FLR-01175,AST-0797,2024-04-09,5,149,Level Crossing Delay
FLR-01176,AST-0798,2024-05-06,5,120,Track Congestion
FLR-01177,AST-0799,2024-10-24,7,201,Late Incoming Rake
FLR-01178,AST-0799,2024-11-09,5,159,Passenger Emergency
FLR-01179,AST-0799,2023-09-15,5,133,Late Incoming Rake
FLR-01180,AST-0800,2025-05-03,6,103,Track Congestion
